日付,日本,アメリカ,原油,金
2025/06/24,38790.56,6092.18,73,306.19
2025/06/25,38942.07,6092.16,73.31,307.12
2025/06/26,39584.58,6141.02,73.59,306.78
2025/06/27,40150.79,6173.07,73.28,301.22
2025/06/30,40487.39,6204.95,73.11,304.83
2025/07/01,39986.33,6198.01,73.93,307.55
2025/07/02,39762.48,6227.42,75.59,309.25
2025/07/03,39785.9,6279.35,75.19,307.14
2025/07/04,39810.88,6279.35,75.19,307.14
2025/07/07,39587.68,6229.98,76.48,307.37
2025/07/08,39688.81,6225.52,76.96,304.16
2025/07/09,39821.28,6263.26,76.93,305.52
2025/07/10,39646.36,6280.46,75.39,306.2
2025/07/11,39569.68,6259.75,77.29,309.14
2025/07/14,39459.62,6268.56,75.62,308.01
2025/07/15,39678.02,6243.76,75.26,306.73
2025/07/16,39663.4,6263.7,75.19,308.26
2025/07/17,39901.19,6297.36,76.16,307.59
2025/07/18,39819.11,6296.79,75.93,308.39
2025/07/21,39819.11,6305.6,75.59,313.13
2025/07/22,39774.92,6309.62,75.35,316.1
2025/07/23,41171.32,6358.91,75.28,312.18
2025/07/24,41826.34,6363.35,76.09,310.27
2025/07/25,41456.23,6388.64,74.85,307.4
2025/07/28,40998.27,6389.77,77.17,305.41
2025/07/29,40674.55,6370.86,79.8,306.25
2025/07/30,40654.7,6362.9,81.04,300.96
2025/07/31,41069.82,6339.39,79.59,302.96
2025/08/01,40799.6,6238.01,77.46,309.11
2025/08/04,40290.7,6329.94,76.11,310.91
2025/08/05,40549.54,6299.19,75.02,311.16
2025/08/06,40794.86,6345.06,73.79,310.5
2025/08/07,41059.15,6340,73.42,313.12
2025/08/08,41820.48,6389.45,73.3,313.05
2025/08/11,41820.48,6373.45,73.8,308.55
2025/08/12,42718.17,6445.76,72.95,308.27
2025/08/13,43274.67,6466.58,72.46,309.21
2025/08/14,42649.26,6468.54,73.74,307.25
2025/08/15,43378.31,6449.8,72.8,307.43
2025/08/18,43714.31,6449.15,73.17,306.95
2025/08/19,43546.29,6411.37,72.3,305.27
2025/08/20,42888.55,6395.78,73.52,308.36
2025/08/21,42610.17,6370.17,74.13,307.29
2025/08/22,42633.29,6466.91,74.64,310.58
2025/08/25,42807.82,6439.32,75.75,309.83
2025/08/26,42394.4,6465.94,74.05,312.08
2025/08/27,42520.27,6481.4,74.68,312.71
2025/08/28,42828.79,6501.86,75.24,315.03
2025/08/29,42718.47,6460.26,74.84,318.07
2025/09/01,42188.79,6460.26,74.84,318.07
2025/09/02,42310.49,6415.54,76.76,325.59
2025/09/03,41938.89,6448.26,74.83,328.14
2025/09/04,42580.27,6502.08,74.18,326.69
2025/09/05,43018.75,6481.5,72.63,331.05
2025/09/08,43643.81,6495.15,73.04,334.82
2025/09/09,43459.29,6512.61,73.39,334.06
2025/09/10,43837.67,6532.04,74.71,335.26
2025/09/11,44372.5,6587.47,73,334.76
2025/09/12,44768.12,6584.29,73.31,335.42
2025/09/15,44768.12,6615.28,74.23,338.91
2025/09/16,44902.27,6606.76,75.67,339.59
2025/09/17,44790.38,6600.35,74.97,336.97
2025/09/18,45303.43,6631.96,74.69,335.62
2025/09/19,45045.81,6664.36,73.52,339.18
2025/09/22,45493.66,6693.75,73.45,345.05
2025/09/23,45493.66,6656.92,75.05,346.46
2025/09/24,45630.31,6637.97,76.39,343.32
2025/09/25,45754.93,6604.72,76.99,344.75
2025/09/26,45354.99,6643.7,77.02,346.74
2025/09/29,45043.75,6661.21,74.59,352.46
2025/09/30,44932.63,6688.46,73.75,355.47
2025/10/01,44550.85,6711.2,73.14,356.03
2025/10/02,44936.73,6715.35,71.54,354.79
2025/10/03,45769.5,6715.79,71.71,357.64
2025/10/06,47944.76,6740.28,72.87,364.38
2025/10/07,47950.88,6714.59,73.2,366.26
2025/10/08,47734.99,6753.72,73.53,372.3
2025/10/09,48580.44,6735.11,72.51,365.43
2025/10/10,48088.8,6552.51,69.39,369.12
2025/10/13,48088.8,6654.72,70.28,378.09
2025/10/14,46847.32,6644.31,69,380.79
2025/10/15,47672.67,6671.06,68.99,387.39
2025/10/16,48277.74,6629.07,67.81,396.45
2025/10/17,47582.15,6664.01,67.98,388.99
2025/10/20,49185.5,6735.13,67.83,403.15
2025/10/21,49316.06,6735.35,68.27,377.24
2025/10/22,49307.79,6699.4,70.63,377.28
2025/10/23,48641.61,6738.44,73.29,378.79
2025/10/24,49299.65,6791.69,73.18,377.52
2025/10/27,50512.32,6875.16,73.12,367.01
2025/10/28,50219.18,6890.89,71.39,364.38
2025/10/29,51307.65,6890.59,71.8,363
2025/10/30,51325.61,6822.34,71.71,370.13
2025/10/31,52411.34,6840.2,72.56,368.12
2025/11/03,52411.34,6851.97,72.74,368.78
2025/11/04,51497.2,6771.55,71.93,362.32
2025/11/05,50212.27,6796.29,71.03,366.51
2025/11/06,50883.68,6720.32,70.88,366.07
2025/11/07,50276.37,6728.8,71.26,368.31
2025/11/10,50911.76,6832.43,71.68,378.38
2025/11/11,50842.93,6846.61,72.72,379.87
2025/11/12,51063.31,6850.92,69.79,385.99
2025/11/13,51281.83,6737.49,69.85,382.87
2025/11/14,50376.53,6734.11,71.38,375.96
2025/11/17,50323.91,6672.41,71.3,371.65
2025/11/18,48702.98,6617.32,72.5,374.35
2025/11/19,48537.7,6642.16,70.88,374.96
2025/11/20,49823.94,6538.76,70.15,374.85
2025/11/21,48625.88,6602.99,69.3,374.27
2025/11/24,48625.88,6705.12,70.42,380.2
2025/11/25,48659.52,6765.88,69.25,380.08
2025/11/26,49559.07,6812.61,70.04,383.12
2025/11/27,50167.1,6812.61,70.04,383.12
2025/11/28,50253.91,6849.09,71.07,387.88
2025/12/01,49303.28,6812.63,71.06,389.75
2025/12/02,49303.45,6829.37,70.2,387.24
2025/12/03,49864.68,6849.72,70.66,386.88
2025/12/04,51028.42,6857.12,71.39,387.13
2025/12/05,50491.87,6870.4,71.92,386.44
2025/12/08,50581.94,6846.51,70.49,385.42
2025/12/09,50655.1,6840.51,69.86,387.4
2025/12/10,50602.8,6886.68,70.54,389.05
2025/12/11,50148.82,6901,69.25,393.24
2025/12/12,50836.55,6827.41,68.81,395.44
2025/12/15,50168.11,6816.51,67.89,395.8
2025/12/16,49383.29,6800.26,66.17,395.89
2025/12/17,49512.28,6721.43,67.98,399.29
2025/12/18,49001.5,6774.76,67.19,398.57
2025/12/19,49507.21,6834.5,68.03,399.02
2025/12/22,50402.39,6878.49,69.73,408.23
2025/12/23,50412.87,6909.79,70.3,413.64
2025/12/24,50344.1,6932.05,70.2,411.93
2025/12/25,50407.79,6932.05,70.2,411.93
2025/12/26,50750.39,6929.94,68.48,416.74
2025/12/29,50526.92,6905.74,69.61,398.6
2025/12/30,50339.48,6896.24,69.74,398.89
2025/12/31,50339.48,6845.5,69.16,396.31
2026/01/02,50339.48,6858.47,68.96,398.28
2026/01/05,51832.8,6902.05,70.22,408.76
2026/01/06,52518.08,6944.82,68.51,413.18
2026/01/07,51961.98,6920.93,67.79,409.23
2026/01/08,51117.26,6921.46,70.54,411.49
2026/01/09,51939.89,6966.28,70.78,414.47
2026/01/12,51939.89,6977.27,71.65,422.23
2026/01/13,53549.16,6963.74,73.48,421.63
2026/01/14,54341.23,6926.6,72.61,425.94
2026/01/15,54110.5,6944.47,71.13,423.33
2026/01/16,53936.17,6940.01,71.65,421.29
2026/01/19,53583.57,6940.01,71.65,421.29
2026/01/20,52991.1,6796.86,71.86,437.23
2026/01/21,52774.64,6875.62,73.34,443.6
2026/01/22,53688.89,6913.35,71.82,451.79
2026/01/23,53846.87,6915.61,73.95,458
2026/01/26,52885.25,6950.23,73.48,464.7
2026/01/27,53333.54,6978.6,75.66,476.1
2026/01/28,53358.71,6978.03,76.62,494.56
2026/01/29,53375.6,6969.01,79.14,495.9
2026/01/30,53322.85,6939.03,79.52,444.95
2026/02/02,52655.18,6976.44,75.33,427.13
2026/02/03,54720.66,6917.81,77.47,454.29
2026/02/04,54293.36,6882.72,77.88,453.97
2026/02/05,53818.04,6798.4,76.69,441.88
2026/02/06,54253.68,6932.3,76.99,455.46
2026/02/09,56363.94,6964.82,78.02,467.03
2026/02/10,57650.54,6941.81,78.03,462.4
2026/02/11,57650.54,6941.47,78.89,467.63
2026/02/12,57639.84,6832.76,76.38,451.39
2026/02/13,56941.97,6836.17,76.22,462.62
2026/02/16,56806.41,6836.17,76.22,462.62
2026/02/17,56566.49,6843.22,75.73,448.2
2026/02/18,57143.84,6881.31,79.4,458.28
2026/02/19,57467.83,6861.89,81.19,459.56
2026/02/20,56825.7,6909.51,80.85,468.62
2026/02/23,56825.7,6837.75,80.9,481.28
2026/02/24,57321.09,6890.07,80.76,474.61
2026/02/25,58583.12,6946.13,79.73,473.42
2026/02/26,58753.39,6908.86,79.77,477.48
2026/02/27,58850.27,6878.88,81.95,483.75
2026/03/02,58057.24,6881.62,87.19,490
2026/03/03,56279.05,6816.63,90.2,468.14
2026/03/04,54245.54,6869.5,91.56,471.8
2026/03/05,55278.06,6830.71,96.31,466.13
2026/03/06,55620.84,6740.02,108.77,473.51
2026/03/09,52728.72,6795.99,104.33,472.53
2026/03/10,54248.39,6781.48,105.86,477.86
2026/03/11,55025.37,6775.8,108.05,476.24
2026/03/12,54452.96,6672.62,118.39,466.88
2026/03/13,53819.61,6632.19,119.89,460.84
2026/03/16,53751.15,6699.38,115.03,460.43
2026/03/17,53700.39,6716.09,118.84,459.27
2026/03/18,55239.4,6624.7,121.67,444.74
2026/03/19,53372.53,6606.49,117.36,426.41
2026/03/20,53372.53,6506.48,121.43,413.38
2026/03/23,51515.49,6581,110.56,404.04
2026/03/24,52252.28,6556.37,114.54,404.13
2026/03/25,53749.62,6591.9,113.39,416.29
2026/03/26,53603.65,6477.16,117.26,400.64
2026/03/27,53373.07,6368.85,124.2,414.7
2026/03/30,51885.85,6343.72,129.83,414.58
2026/03/31,51063.72,6528.52,127.25,430.29
2026/04/01,53739.68,6575.32,124.09,437.82
2026/04/02,52463.27,6582.69,137.92,429.41
2026/04/03,53123.49,6582.69,137.92,429.41
2026/04/06,53413.68,6611.83,138.94,427.65
2026/04/07,53429.56,6616.85,138.08,431.81
2026/04/08,56308.42,6782.81,124.58,434.53
2026/04/09,55895.32,6824.66,126.96,437.91
2026/04/10,56924.11,6816.89,124.82,437.13
2026/04/13,56502.77,6886.24,128.47,435.36
2026/04/14,57877.39,6967.38,123.85,445.09
2026/04/15,58134.24,7022.95,122.59,440.46
2026/04/16,59518.34,7041.28,125.84,440.08
2026/04/17,58475.9,7126.06,116.04,445.93
2026/04/20,58824.89,7109.14,121.32,442.09
2026/04/21,59349.17,7064.01,128.25,429.57
2026/04/22,59585.86,7137.9,129.4,435.26
2026/04/23,59140.23,7108.4,134.72,431.04
2026/04/24,59716.18,7165.08,132.4,433.25
2026/04/27,60537.36,7173.91,134.72,429.89
2026/04/28,59917.46,7138.8,139.6,421.91
2026/04/29,59917.46,7135.95,150.63,417.41
2026/04/30,59284.92,7209.01,147.09,423.66
2026/05/01,59513.12,7230.12,142.8,423.18
2026/05/04,59513.12,7200.75,147.61,414.71
2026/05/05,59513.12,7259.22,144.17,418.27
2026/05/06,59513.12,7365.12,133.95,430.96
2026/05/07,62833.84,7337.11,134.97,431.68
2026/05/08,62713.65,7398.93,133.59,433.77
2026/05/11,62417.88,7412.84,138.66,434.65
2026/05/12,62742.57,7400.96,144.3,432.93
2026/05/13,63272.11,7444.25,142.04,430.5
2026/05/14,62654.05,7501.24,143,427.21
2026/05/15,61409.29,7408.5,148.23,417.29
2026/05/18,60815.95,7403.05,149.29,418.43
2026/05/19,60550.59,7353.61,152.96,411.5
2026/05/20,59804.41,7432.97,144.27,417.4
2026/05/21,61684.14,7445.72,142.54,416.99
2026/05/22,63339.07,7473.47,140.92,413.82
2026/05/25,65158.19,7473.47,140.92,413.82
2026/05/26,64996.09,7519.12,137,414
2026/05/27,64999.41,7520.36,131.03,408.49
2026/05/28,64693.12,7563.63,130.78,412.77
2026/05/29,66329.5,7580.06,129.09,417.12
2026/06/01,66934.33,7599.96,135.5,411.26
2026/06/02,66734.24,7609.78,137.27,411.95
2026/06/03,68402.13,7553.68,140.86,407.87
2026/06/04,67470.69,7584.31,136.74,411.27
2026/06/05,66588.12,7383.74,133.02,396.24
2026/06/08,64024.6,7405.73,135.15,397.27
2026/06/09,65416.63,7386.65,131.3,390.78
2026/06/10,64179.27,7266.99,134.3,374.58
2026/06/11,64217.27,7394.3,128.83,386.32
2026/06/12,66020.04,7431.46,125.43,386.54
2026/06/15,69317.5,7554.29,121.21,396.55
2026/06/16,69404.5,7511.35,115.47,397.63
2026/06/17,69902.25,7420.1,114.23,388.6
2026/06/18,71053.49,7500.58,114.87,387.12
2026/06/19,71250.06,7500.58,114.87,387.12
2026/06/22,72353.96,7472.79,112.69,384.59
2026/06/23,69788.38,7365.46,111.26,377.32
2026/06/24,69174.97,7358.22,106.29,365.92
2026/06/25,72366.34,7357.49,109.31,369.46
2026/06/26,69360.88,7354.02,105.48,373.63
2026/06/29,69468.11,7440.43,107.08,368.58
2026/06/30,70062.32,7499.36,106.44,368.38
2026/07/01,70474.96,7483.23,103.27,370.6
2026/07/02,68733.15,7483.24,103.98,378.13
2026/07/03,69744.07,7483.24,103.98,378.13
2026/07/06,69737.69,7537.43,104.35,382.13
2026/07/07,68256.96,7503.85,108.92,377.49
2026/07/08,66819.05,7482.71,112.21,374.45
2026/07/09,67743.85,7543.64,109.01,378.18
2026/07/10,68557.73,7575.39,108.7,377.01
2026/07/13,67242.73,7515.34,117.79,367.13
2026/07/14,67743.5,7543.59,120.17,372.15
2026/07/15,68751.51,7572.4,121.38,372.35
2026/07/16,66835.54,7533.77,119.3,364.96
2026/07/17,64141.12,7457.69,123.96,368.41
2026/07/20,64141.12,7443.28,125.51,367.6
2026/07/21,66232.19,7509.2,128.85,374.81
2026/07/22,66115.6,7498.96,131.68,379.12
2026/07/23,66422.6,7408.3,139.49,371.52
2026/07/24,64611.15,7411.98,136.69,371.9
2026/07/27,64931.19,7413.18,124.76,374.63
2026/07/28,62364.92,7428.78,120.49,369.37
2026/07/29,61434.19,7316.15,129.31,371.08
2026/07/30,61867.43,7437.63,127.48,377.16
2026/07/31,64362.02,7489.72,129.17,371.54
2026/08/03,63754.9,7600.5,122.12,371.71
2026/08/04,63957.53,7736.52,115.78,374.16
2026/08/05,66300.44,7723.55,114.88,389.64
2026/08/06,65683.26,7709.96,118.87,389.67
2026/08/07,65606.71,7757.64,117.98,398.47
2026/08/10,66970.22,7753.11,125.92,402.54
2026/08/11,66970.22,7728.2,127.61,400.96
2026/08/12,67524.06,7748.5,127.3,404.92
2026/08/13,68308.59,7798.99,125.03,398.96
2026/08/14,68713.8,7785.76,126.6,401.48
2026/08/18,67460.73,7785.76,126.6,401.48
